District, Ward
Quận 1, Bến Thành
Quận 1, Cầu Kho
Quận 1, Cầu Ông Lãnh
Quận 1, Cô Giang
Quận 1, Nguyễn Cư Trinh
Quận 1, Nguyễn Thái Bình
Quận 1, Phạm Ngũ Lão
Quận 1, Tân Định
Quận 2, An Lợi Đông
Quận 2, An Phú
Quận 2, Bình An
Quận 2, Bình Khánh
Quận 2, Cát Lái
Quận 2, Thạnh Mỹ Lợi
Quận 2, Thủ Thiêm
Quận 3, 1
Quận 3, 10
Quận 3, 11
Quận 3, 12
Quận 3, 13
Quận 3, 2
Quận 3, 3
Quận 3, 4
Quận 3, 5
Quận 3, 6
Quận 3, 7
Quận 3, 8
Quận 3, 9
Quận 4, 1
Quận 4, 12
Quận 4, 13
Quận 4, 14
Quận 4, 15
Quận 4, 16
Quận 4, 2
Quận 4, 3
Quận 4, 4
Quận 4, 5
Quận 4, 6
Quận 4, 8
Quận 4, 9
Quận 5, 1
Quận 5, 10
Quận 5, 12